Workbook
Name TablesList: Recap!$G$2

Sheet Recap
G2: Tables and Figures | H2: Sheet
F4: InputID | G4: Table / Figure | H4: Go to sheet
F5: sec1_scr_pat | G5: =IFERROR(HYPERLINK("#Labels!G"&MATCH(F5,Labels!D:D,0),IF(INDEX(Labels!H:H,MATCH(F5,Labels!D:D,0))="Yes","Figure "&INDEX(Labels!F:F,MATCH(F5,Labels!D:D,0))&" - "&INDEX(Labels!G:G,MATCH(F5,Labels!D:D,0)),"Table "&INDEX(Labels!F:F,MATCH(F5,Labels!D:D,0))&" - "&INDEX(Labels!G:G,MATCH(F5,Labels!D:D,0)))),"[Not found: "&F5&"]") -> Table 1 - Screened participants | H5: =HYPERLINK("#'sec1_scr_pat'!A1","Open →") -> Open →
F6: sec1_inc_pat | G6: =IFERROR(HYPERLINK("#Labels!G"&MATCH(F6,Labels!D:D,0),IF(INDEX(Labels!H:H,MATCH(F6,Labels!D:D,0))="Yes","Figure "&INDEX(Labels!F:F,MATCH(F6,Labels!D:D,0))&" - "&INDEX(Labels!G:G,MATCH(F6,Labels!D:D,0)),"Table "&INDEX(Labels!F:F,MATCH(F6,Labels!D:D,0))&" - "&INDEX(Labels!G:G,MATCH(F6,Labels!D:D,0)))),"[Not found: "&F6&"]") -> Table 2 - Participants disposition - included participants by study site | H6: =HYPERLINK("#'sec1_inc_pat'!A1","Open →") -> Open →
F7: sec1_inc_ITT_form | G7: =IFERROR(HYPERLINK("#Labels!G"&MATCH(F7,Labels!D:D,0),IF(INDEX(Labels!H:H,MATCH(F7,Labels!D:D,0))="Yes","Figure "&INDEX(Labels!F:F,MATCH(F7,Labels!D:D,0))&" - "&INDEX(Labels!G:G,MATCH(F7,Labels!D:D,0)),"Table "&INDEX(Labels!F:F,MATCH(F7,Labels!D:D,0))&" - "&INDEX(Labels!G:G,MATCH(F7,Labels!D:D,0)))),"[Not found: "&F7&"]") -> Table 3 - Participants disposition - included participants by tablet form - ITT population | H7: =HYPERLINK("#'sec1_inc_ITT'!A1","Open →") -> Open →
F8: sec1_inc_ITT_stage | G8: =IFERROR(HYPERLINK("#Labels!G"&MATCH(F8,Labels!D:D,0),IF(INDEX(Labels!H:H,MATCH(F8,Labels!D:D,0))="Yes","Figure "&INDEX(Labels!F:F,MATCH(F8,Labels!D:D,0))&" - "&INDEX(Labels!G:G,MATCH(F8,Labels!D:D,0)),"Table "&INDEX(Labels!F:F,MATCH(F8,Labels!D:D,0))&" - "&INDEX(Labels!G:G,MATCH(F8,Labels!D:D,0)))),"[Not found: "&F8&"]") -> Table 4 - Participants disposition - included participants by stage - ITT population | H8: =HYPERLINK("#'sec1_inc_ITT'!A1","Open →") -> Open →
F9: sec1_nb_vt | G9: =IFERROR(HYPERLINK("#Labels!G"&MATCH(F9,Labels!D:D,0),IF(INDEX(Labels!H:H,MATCH(F9,Labels!D:D,0))="Yes","Figure "&INDEX(Labels!F:F,MATCH(F9,Labels!D:D,0))&" - "&INDEX(Labels!G:G,MATCH(F9,Labels!D:D,0)),"Table "&INDEX(Labels!F:F,MATCH(F9,Labels!D:D,0))&" - "&INDEX(Labels!G:G,MATCH(F9,Labels!D:D,0)))),"[Not found: "&F9&"]") -> Table 5 - Number of participants by type of visits performed - ITT population | H9: =HYPERLINK("#'sec1_nb_vt'!A1","Open →") -> Open →
F10: sec2_bas_char | G10: =IFERROR(HYPERLINK("#Labels!G"&MATCH(F10,Labels!D:D,0),IF(INDEX(Labels!H:H,MATCH(F10,Labels!D:D,0))="Yes","Figure "&INDEX(Labels!F:F,MATCH(F10,Labels!D:D,0))&" - "&INDEX(Labels!G:G,MATCH(F10,Labels!D:D,0)),"Table "&INDEX(Labels!F:F,MATCH(F10,Labels!D:D,0))&" - "&INDEX(Labels!G:G,MATCH(F10,Labels!D:D,0)))),"[Not found: "&F10&"]") -> Table 7 - Preselection characteristics per weight band -ITT population | H10: =HYPERLINK("#'sec2_bas_char'!A1","Open →") -> Open →
F11: sec2_labdiag | G11: =IFERROR(HYPERLINK("#Labels!G"&MATCH(F11,Labels!D:D,0),IF(INDEX(Labels!H:H,MATCH(F11,Labels!D:D,0))="Yes","Figure "&INDEX(Labels!F:F,MATCH(F11,Labels!D:D,0))&" - "&INDEX(Labels!G:G,MATCH(F11,Labels!D:D,0)),"Table "&INDEX(Labels!F:F,MATCH(F11,Labels!D:D,0))&" - "&INDEX(Labels!G:G,MATCH(F11,Labels!D:D,0)))),"[Not found: "&F11&"]") -> Table 14 - Laboratory diagnosis of HAT at preselection per weight band - ITT population | H11: =HYPERLINK("#'sec2_labdiag'!A1","Open →") -> Open →
F12: sec2_labdiag_tot | G12: =IFERROR(HYPERLINK("#Labels!G"&MATCH(F12,Labels!D:D,0),IF(INDEX(Labels!H:H,MATCH(F12,Labels!D:D,0))="Yes","Figure "&INDEX(Labels!F:F,MATCH(F12,Labels!D:D,0))&" - "&INDEX(Labels!G:G,MATCH(F12,Labels!D:D,0)),"Table "&INDEX(Labels!F:F,MATCH(F12,Labels!D:D,0))&" - "&INDEX(Labels!G:G,MATCH(F12,Labels!D:D,0)))),"[Not found: "&F12&"]") -> Table 13 - Laboratory diagnosis of Hat at preselection total - ITT population | H12: =HYPERLINK("#'sec2_labdiag'!A1","Open →") -> Open →
F13: sec2_mehs_soc | G13: =IFERROR(HYPERLINK("#Labels!G"&MATCH(F13,Labels!D:D,0),IF(INDEX(Labels!H:H,MATCH(F13,Labels!D:D,0))="Yes","Figure "&INDEX(Labels!F:F,MATCH(F13,Labels!D:D,0))&" - "&INDEX(Labels!G:G,MATCH(F13,Labels!D:D,0)),"Table "&INDEX(Labels!F:F,MATCH(F13,Labels!D:D,0))&" - "&INDEX(Labels!G:G,MATCH(F13,Labels!D:D,0)))),"[Not found: "&F13&"]") -> Table 12 - Medical History by SOC/PT - ITT participants | H13: =HYPERLINK("#'sec2_mehs_soc'!A1","Open →") -> Open →
F14: sec2_res_mal | G14: =IFERROR(HYPERLINK("#Labels!G"&MATCH(F14,Labels!D:D,0),IF(INDEX(Labels!H:H,MATCH(F14,Labels!D:D,0))="Yes","Figure "&INDEX(Labels!F:F,MATCH(F14,Labels!D:D,0))&" - "&INDEX(Labels!G:G,MATCH(F14,Labels!D:D,0)),"Table "&INDEX(Labels!F:F,MATCH(F14,Labels!D:D,0))&" - "&INDEX(Labels!G:G,MATCH(F14,Labels!D:D,0)))),"[Not found: "&F14&"]") -> Table 16 - Results of malaria test at preselection per weight band - ITT population | H14: =HYPERLINK("#'sec2_res_mal'!A1","Open →") -> Open →
F15: sec2_vit_sg_tot | G15: =IFERROR(HYPERLINK("#Labels!G"&MATCH(F15,Labels!D:D,0),IF(INDEX(Labels!H:H,MATCH(F15,Labels!D:D,0))="Yes","Figure "&INDEX(Labels!F:F,MATCH(F15,Labels!D:D,0))&" - "&INDEX(Labels!G:G,MATCH(F15,Labels!D:D,0)),"Table "&INDEX(Labels!F:F,MATCH(F15,Labels!D:D,0))&" - "&INDEX(Labels!G:G,MATCH(F15,Labels!D:D,0)))),"[Not found: "&F15&"]") -> Table 17 - Vital signs at baseline total - ITT population | H15: =HYPERLINK("#'sec2_vit_sg'!A1","Open →") -> Open →
F16: sec2_vit_sg | G16: =IFERROR(HYPERLINK("#Labels!G"&MATCH(F16,Labels!D:D,0),IF(INDEX(Labels!H:H,MATCH(F16,Labels!D:D,0))="Yes","Figure "&INDEX(Labels!F:F,MATCH(F16,Labels!D:D,0))&" - "&INDEX(Labels!G:G,MATCH(F16,Labels!D:D,0)),"Table "&INDEX(Labels!F:F,MATCH(F16,Labels!D:D,0))&" - "&INDEX(Labels!G:G,MATCH(F16,Labels!D:D,0)))),"[Not found: "&F16&"]") -> Table 18 - Vital signs at baseline per weight band - ITT population | H16: =HYPERLINK("#'sec2_vit_sg'!A1","Open →") -> Open →
F17: sec2_tsh_tot | G17: =IFERROR(HYPERLINK("#Labels!G"&MATCH(F17,Labels!D:D,0),IF(INDEX(Labels!H:H,MATCH(F17,Labels!D:D,0))="Yes","Figure "&INDEX(Labels!F:F,MATCH(F17,Labels!D:D,0))&" - "&INDEX(Labels!G:G,MATCH(F17,Labels!D:D,0)),"Table "&INDEX(Labels!F:F,MATCH(F17,Labels!D:D,0))&" - "&INDEX(Labels!G:G,MATCH(F17,Labels!D:D,0)))),"[Not found: "&F17&"]") -> Table 19 - Thyroid assessment at screening total - ITT population
F18: sec2_rhat_time | G18: =IFERROR(HYPERLINK("#Labels!G"&MATCH(F18,Labels!D:D,0),IF(INDEX(Labels!H:H,MATCH(F18,Labels!D:D,0))="Yes","Figure "&INDEX(Labels!F:F,MATCH(F18,Labels!D:D,0))&" - "&INDEX(Labels!G:G,MATCH(F18,Labels!D:D,0)),"Table "&INDEX(Labels!F:F,MATCH(F18,Labels!D:D,0))&" - "&INDEX(Labels!G:G,MATCH(F18,Labels!D:D,0)))),"[Not found: "&F18&"]") -> Table 21 - For each Signs and symptoms of HAT at baseline: Time from symptom n (%) | H18: =HYPERLINK("#'sec2_rhat'!A1","Open →") -> Open →
F19: sec2_rhat_grade | G19: =IFERROR(HYPERLINK("#Labels!G"&MATCH(F19,Labels!D:D,0),IF(INDEX(Labels!H:H,MATCH(F19,Labels!D:D,0))="Yes","Figure "&INDEX(Labels!F:F,MATCH(F19,Labels!D:D,0))&" - "&INDEX(Labels!G:G,MATCH(F19,Labels!D:D,0)),"Table "&INDEX(Labels!F:F,MATCH(F19,Labels!D:D,0))&" - "&INDEX(Labels!G:G,MATCH(F19,Labels!D:D,0)))),"[Not found: "&F19&"]") -> Table 22 - For each Signs and symptoms of HAT at baseline: Continuous or interITTent and grade - ITT population n (%) | H19: =HYPERLINK("#'sec2_rhat'!A1","Open →") -> Open →
F20: sec2_otherss_first | G20: =IFERROR(HYPERLINK("#Labels!G"&MATCH(F20,Labels!D:D,0),IF(INDEX(Labels!H:H,MATCH(F20,Labels!D:D,0))="Yes","Figure "&INDEX(Labels!F:F,MATCH(F20,Labels!D:D,0))&" - "&INDEX(Labels!G:G,MATCH(F20,Labels!D:D,0)),"Table "&INDEX(Labels!F:F,MATCH(F20,Labels!D:D,0))&" - "&INDEX(Labels!G:G,MATCH(F20,Labels!D:D,0)))),"[Not found: "&F20&"]") -> Table 23 - For each Other Signs and symptoms of HAT at baseline: Time from symptom
F21: sec2_otherss_sev | G21: =IFERROR(HYPERLINK("#Labels!G"&MATCH(F21,Labels!D:D,0),IF(INDEX(Labels!H:H,MATCH(F21,Labels!D:D,0))="Yes","Figure "&INDEX(Labels!F:F,MATCH(F21,Labels!D:D,0))&" - "&INDEX(Labels!G:G,MATCH(F21,Labels!D:D,0)),"Table "&INDEX(Labels!F:F,MATCH(F21,Labels!D:D,0))&" - "&INDEX(Labels!G:G,MATCH(F21,Labels!D:D,0)))),"[Not found: "&F21&"]") -> Table 24 - For each Other Signs and symptoms of HAT at baseline: Continuous or interITTent and grade -ITT population n (%)
F22: sec2_physex | G22: =IFERROR(HYPERLINK("#Labels!G"&MATCH(F22,Labels!D:D,0),IF(INDEX(Labels!H:H,MATCH(F22,Labels!D:D,0))="Yes","Figure "&INDEX(Labels!F:F,MATCH(F22,Labels!D:D,0))&" - "&INDEX(Labels!G:G,MATCH(F22,Labels!D:D,0)),"Table "&INDEX(Labels!F:F,MATCH(F22,Labels!D:D,0))&" - "&INDEX(Labels!G:G,MATCH(F22,Labels!D:D,0)))),"[Not found: "&F22&"]") -> Table 25 - Physical examination at screening: n (%) of participants with normal / abnormal examination - ITT population | H22: =HYPERLINK("#'sec2_physex'!A1","Open →") -> Open →
F23: sec2_neurex | G23: =IFERROR(HYPERLINK("#Labels!G"&MATCH(F23,Labels!D:D,0),IF(INDEX(Labels!H:H,MATCH(F23,Labels!D:D,0))="Yes","Figure "&INDEX(Labels!F:F,MATCH(F23,Labels!D:D,0))&" - "&INDEX(Labels!G:G,MATCH(F23,Labels!D:D,0)),"Table "&INDEX(Labels!F:F,MATCH(F23,Labels!D:D,0))&" - "&INDEX(Labels!G:G,MATCH(F23,Labels!D:D,0)))),"[Not found: "&F23&"]") -> Table 26 - Neurological examinations at screening: n (%) of participants with anormal / abnormal examination - ITT population | H23: =HYPERLINK("#'sec2_neurex'!A1","Open →") -> Open →
F24: sec2_platelets | G24: =IFERROR(HYPERLINK("#Labels!G"&MATCH(F24,Labels!D:D,0),IF(INDEX(Labels!H:H,MATCH(F24,Labels!D:D,0))="Yes","Figure "&INDEX(Labels!F:F,MATCH(F24,Labels!D:D,0))&" - "&INDEX(Labels!G:G,MATCH(F24,Labels!D:D,0)),"Table "&INDEX(Labels!F:F,MATCH(F24,Labels!D:D,0))&" - "&INDEX(Labels!G:G,MATCH(F24,Labels!D:D,0)))),"[Not found: "&F24&"]") -> Table 27 - Platelets (10^3/µl): n (%) of participants with normal/abnormal results and descriptive statistics - ITT population
F25: sec2_leukocytes | G25: =IFERROR(HYPERLINK("#Labels!G"&MATCH(F25,Labels!D:D,0),IF(INDEX(Labels!H:H,MATCH(F25,Labels!D:D,0))="Yes","Figure "&INDEX(Labels!F:F,MATCH(F25,Labels!D:D,0))&" - "&INDEX(Labels!G:G,MATCH(F25,Labels!D:D,0)),"Table "&INDEX(Labels!F:F,MATCH(F25,Labels!D:D,0))&" - "&INDEX(Labels!G:G,MATCH(F25,Labels!D:D,0)))),"[Not found: "&F25&"]") -> Table 28 - Leukocytes (10^3/µl): n (%) of participants with normal/abnormal results and descriptive statistics - ITT population
F26: sec2_neutrophils | G26: =IFERROR(HYPERLINK("#Labels!G"&MATCH(F26,Labels!D:D,0),IF(INDEX(Labels!H:H,MATCH(F26,Labels!D:D,0))="Yes","Figure "&INDEX(Labels!F:F,MATCH(F26,Labels!D:D,0))&" - "&INDEX(Labels!G:G,MATCH(F26,Labels!D:D,0)),"Table "&INDEX(Labels!F:F,MATCH(F26,Labels!D:D,0))&" - "&INDEX(Labels!G:G,MATCH(F26,Labels!D:D,0)))),"[Not found: "&F26&"]") -> Table 29 - Neutrophils (%): n (%) of participants with normal/abnormal results and descriptive statistics - ITT population
F27: sec2_eosinophils | G27: =IFERROR(HYPERLINK("#Labels!G"&MATCH(F27,Labels!D:D,0),IF(INDEX(Labels!H:H,MATCH(F27,Labels!D:D,0))="Yes","Figure "&INDEX(Labels!F:F,MATCH(F27,Labels!D:D,0))&" - "&INDEX(Labels!G:G,MATCH(F27,Labels!D:D,0)),"Table "&INDEX(Labels!F:F,MATCH(F27,Labels!D:D,0))&" - "&INDEX(Labels!G:G,MATCH(F27,Labels!D:D,0)))),"[Not found: "&F27&"]") -> Table 30 - Eosinophils (%): n (%) of participants with normal/abnormal results and descriptive statistics - ITT population
F28: sec2_basophils | G28: =IFERROR(HYPERLINK("#Labels!G"&MATCH(F28,Labels!D:D,0),IF(INDEX(Labels!H:H,MATCH(F28,Labels!D:D,0))="Yes","Figure "&INDEX(Labels!F:F,MATCH(F28,Labels!D:D,0))&" - "&INDEX(Labels!G:G,MATCH(F28,Labels!D:D,0)),"Table "&INDEX(Labels!F:F,MATCH(F28,Labels!D:D,0))&" - "&INDEX(Labels!G:G,MATCH(F28,Labels!D:D,0)))),"[Not found: "&F28&"]") -> Table 31 - Basophils (%) : n (%) of participants with normal/abnormal results and descriptive statistics - ITT population
F29: sec2_lymphocytes | G29: =IFERROR(HYPERLINK("#Labels!G"&MATCH(F29,Labels!D:D,0),IF(INDEX(Labels!H:H,MATCH(F29,Labels!D:D,0))="Yes","Figure "&INDEX(Labels!F:F,MATCH(F29,Labels!D:D,0))&" - "&INDEX(Labels!G:G,MATCH(F29,Labels!D:D,0)),"Table "&INDEX(Labels!F:F,MATCH(F29,Labels!D:D,0))&" - "&INDEX(Labels!G:G,MATCH(F29,Labels!D:D,0)))),"[Not found: "&F29&"]") -> Table 32 - Lymphocytes (%): n (%) of participants with normal/abnormal results and descriptive statistics - ITT population
F30: sec2_monocytes | G30: =IFERROR(HYPERLINK("#Labels!G"&MATCH(F30,Labels!D:D,0),IF(INDEX(Labels!H:H,MATCH(F30,Labels!D:D,0))="Yes","Figure "&INDEX(Labels!F:F,MATCH(F30,Labels!D:D,0))&" - "&INDEX(Labels!G:G,MATCH(F30,Labels!D:D,0)),"Table "&INDEX(Labels!F:F,MATCH(F30,Labels!D:D,0))&" - "&INDEX(Labels!G:G,MATCH(F30,Labels!D:D,0)))),"[Not found: "&F30&"]") -> Table 33 - Monocytes (%): n (%) of participants with normal/abnormal results and descriptive statistics - ITT population
F31: sec2_hemo_1 | G31: =IFERROR(HYPERLINK("#Labels!G"&MATCH(F31,Labels!D:D,0),IF(INDEX(Labels!H:H,MATCH(F31,Labels!D:D,0))="Yes","Figure "&INDEX(Labels!F:F,MATCH(F31,Labels!D:D,0))&" - "&INDEX(Labels!G:G,MATCH(F31,Labels!D:D,0)),"Table "&INDEX(Labels!F:F,MATCH(F31,Labels!D:D,0))&" - "&INDEX(Labels!G:G,MATCH(F31,Labels!D:D,0)))),"[Not found: "&F31&"]") -> Table 34 - n (%) of participants with normal/abnormal results and descriptive statistics for Hemoglobin– male (g/dL) in ITT population
F32: sec2_hemo_2 | G32: =IFERROR(HYPERLINK("#Labels!G"&MATCH(F32,Labels!D:D,0),IF(INDEX(Labels!H:H,MATCH(F32,Labels!D:D,0))="Yes","Figure "&INDEX(Labels!F:F,MATCH(F32,Labels!D:D,0))&" - "&INDEX(Labels!G:G,MATCH(F32,Labels!D:D,0)),"Table "&INDEX(Labels!F:F,MATCH(F32,Labels!D:D,0))&" - "&INDEX(Labels!G:G,MATCH(F32,Labels!D:D,0)))),"[Not found: "&F32&"]") -> Table 35 - n (%) of participants with normal/abnormal results and descriptive statistics for Hemoglobin– female (g/dL) in ITT population
F33: sec2_sodium | G33: =IFERROR(HYPERLINK("#Labels!G"&MATCH(F33,Labels!D:D,0),IF(INDEX(Labels!H:H,MATCH(F33,Labels!D:D,0))="Yes","Figure "&INDEX(Labels!F:F,MATCH(F33,Labels!D:D,0))&" - "&INDEX(Labels!G:G,MATCH(F33,Labels!D:D,0)),"Table "&INDEX(Labels!F:F,MATCH(F33,Labels!D:D,0))&" - "&INDEX(Labels!G:G,MATCH(F33,Labels!D:D,0)))),"[Not found: "&F33&"]") -> Table 36 - Sodium (mmol/L): n (%) of participants with normal/abnormal results and descriptive statistics - ITT population
F34: sec2_potassium | G34: =IFERROR(HYPERLINK("#Labels!G"&MATCH(F34,Labels!D:D,0),IF(INDEX(Labels!H:H,MATCH(F34,Labels!D:D,0))="Yes","Figure "&INDEX(Labels!F:F,MATCH(F34,Labels!D:D,0))&" - "&INDEX(Labels!G:G,MATCH(F34,Labels!D:D,0)),"Table "&INDEX(Labels!F:F,MATCH(F34,Labels!D:D,0))&" - "&INDEX(Labels!G:G,MATCH(F34,Labels!D:D,0)))),"[Not found: "&F34&"]") -> Table 37 - Potassium (mmol/L): n (%) of participants with normal/abnormal results and descriptive statistics - ITT population
F35: sec2_bicarbonates | G35: =IFERROR(HYPERLINK("#Labels!G"&MATCH(F35,Labels!D:D,0),IF(INDEX(Labels!H:H,MATCH(F35,Labels!D:D,0))="Yes","Figure "&INDEX(Labels!F:F,MATCH(F35,Labels!D:D,0))&" - "&INDEX(Labels!G:G,MATCH(F35,Labels!D:D,0)),"Table "&INDEX(Labels!F:F,MATCH(F35,Labels!D:D,0))&" - "&INDEX(Labels!G:G,MATCH(F35,Labels!D:D,0)))),"[Not found: "&F35&"]") -> Table 38 - Bicarbonates (mmol/L): n (%) of participants with normal/abnormal results and descriptive statistics - ITT population
... F46: sec2_tprotein | G46: =IFERROR(HYPERLINK("#Labels!G"&MATCH(F46,Labels!D:D,0),IF(INDEX(Labels!H:H,MATCH(F46,Labels!D:D,0))="Yes","Figure "&INDEX(Labels!F:F,MATCH(F46,Labels!D:D,0))&" - "&INDEX(Labels!G:G,MATCH(F46,Labels!D:D,0)),"Table "&INDEX(Labels!F:F,MATCH(F46,Labels!D:D,0))&" - "&INDEX(Labels!G:G,MATCH(F46,Labels!D:D,0)))),"[Not found: "&F46&"]") -> Table 49 - Total protein (g/dL) n (%) of participants with normal/abnormal results and descriptive statistics - ITT population
F47: sec2_ecg | G47: =IFERROR(HYPERLINK("#Labels!G"&MATCH(F47,Labels!D:D,0),IF(INDEX(Labels!H:H,MATCH(F47,Labels!D:D,0))="Yes","Figure "&INDEX(Labels!F:F,MATCH(F47,Labels!D:D,0))&" - "&INDEX(Labels!G:G,MATCH(F47,Labels!D:D,0)),"Table "&INDEX(Labels!F:F,MATCH(F47,Labels!D:D,0))&" - "&INDEX(Labels!G:G,MATCH(F47,Labels!D:D,0)))),"[Not found: "&F47&"]") -> Table 50 - ECG at baseline - ITT population | H47: =HYPERLINK("#'sec2_ecg'!A1","Open →") -> Open →
F48: sec3_patdev1 | G48: =IFERROR(HYPERLINK("#Labels!G"&MATCH(F48,Labels!D:D,0),IF(INDEX(Labels!H:H,MATCH(F48,Labels!D:D,0))="Yes","Figure "&INDEX(Labels!F:F,MATCH(F48,Labels!D:D,0))&" - "&INDEX(Labels!G:G,MATCH(F48,Labels!D:D,0)),"Table "&INDEX(Labels!F:F,MATCH(F48,Labels!D:D,0))&" - "&INDEX(Labels!G:G,MATCH(F48,Labels!D:D,0)))),"[Not found: "&F48&"]") -> Table 51 - Participants with a deviation during the treatment administration - ITT population | H48: =HYPERLINK("#'sec3_patdev1'!A1","Open →") -> Open →
F49: sec3_patdev2 | G49: =IFERROR(HYPERLINK("#Labels!G"&MATCH(F49,Labels!D:D,0),IF(INDEX(Labels!H:H,MATCH(F49,Labels!D:D,0))="Yes","Figure "&INDEX(Labels!F:F,MATCH(F49,Labels!D:D,0))&" - "&INDEX(Labels!G:G,MATCH(F49,Labels!D:D,0)),"Table "&INDEX(Labels!F:F,MATCH(F49,Labels!D:D,0))&" - "&INDEX(Labels!G:G,MATCH(F49,Labels!D:D,0)))),"[Not found: "&F49&"]") -> Table 52 - Participants with at least one re-administration of the treatment - ITT population | H49: =HYPERLINK("#'sec3_patdev2'!A1","Open →") -> Open →
F50: sec4_deathstage2_ev | G50: =IFERROR(HYPERLINK("#Labels!G"&MATCH(F50,Labels!D:D,0),IF(INDEX(Labels!H:H,MATCH(F50,Labels!D:D,0))="Yes","Figure "&INDEX(Labels!F:F,MATCH(F50,Labels!D:D,0))&" - "&INDEX(Labels!G:G,MATCH(F50,Labels!D:D,0)),"Table "&INDEX(Labels!F:F,MATCH(F50,Labels!D:D,0))&" - "&INDEX(Labels!G:G,MATCH(F50,Labels!D:D,0)))),"[Not found: "&F50&"]") -> Table 53 - N (%) of death possibly related to r-HAT or to Fexinidazole up to the end of hospitalisation – stage 2 r-HAT participants in the evaluable population
F51: sec4_deathstage2_ITT | G51: =IFERROR(HYPERLINK("#Labels!G"&MATCH(F51,Labels!D:D,0),IF(INDEX(Labels!H:H,MATCH(F51,Labels!D:D,0))="Yes","Figure "&INDEX(Labels!F:F,MATCH(F51,Labels!D:D,0))&" - "&INDEX(Labels!G:G,MATCH(F51,Labels!D:D,0)),"Table "&INDEX(Labels!F:F,MATCH(F51,Labels!D:D,0))&" - "&INDEX(Labels!G:G,MATCH(F51,Labels!D:D,0)))),"[Not found: "&F51&"]") -> Table 54 - Sensitivity analysis: N (%) of death possibly related to r-HAT or to Fexinidazole up to the end of hospitalisation – stage 2 r-HAT participants in the ITT population
F52: sec4_deathstage2 | G52: =IFERROR(HYPERLINK("#Labels!G"&MATCH(F52,Labels!D:D,0),IF(INDEX(Labels!H:H,MATCH(F52,Labels!D:D,0))="Yes","Figure "&INDEX(Labels!F:F,MATCH(F52,Labels!D:D,0))&" - "&INDEX(Labels!G:G,MATCH(F52,Labels!D:D,0)),"Table "&INDEX(Labels!F:F,MATCH(F52,Labels!D:D,0))&" - "&INDEX(Labels!G:G,MATCH(F52,Labels!D:D,0)))),"[Not found: "&F52&"]") -> Table 55 - Sensitivity analysis: N (%) of death possibly related to r-HAT or to Fexinidazole up to the end of hospitalisation – stage 2 r-HAT participants in the completer population
F53: sec4_relapse_total | G53: =IFERROR(HYPERLINK("#Labels!G"&MATCH(F53,Labels!D:D,0),IF(INDEX(Labels!H:H,MATCH(F53,Labels!D:D,0))="Yes","Figure "&INDEX(Labels!F:F,MATCH(F53,Labels!D:D,0))&" - "&INDEX(Labels!G:G,MATCH(F53,Labels!D:D,0)),"Table "&INDEX(Labels!F:F,MATCH(F53,Labels!D:D,0))&" - "&INDEX(Labels!G:G,MATCH(F53,Labels!D:D,0)))),"[Not found: "&F53&"]") -> Table 56 - N (%) of relapse and earliest time to detect the relapse - stage 1 and stage 2 r-HAT participants in the ITT population
F54: sec4_relapse_total_ci | G54: =IFERROR(HYPERLINK("#Labels!G"&MATCH(F54,Labels!D:D,0),IF(INDEX(Labels!H:H,MATCH(F54,Labels!D:D,0))="Yes","Figure "&INDEX(Labels!F:F,MATCH(F54,Labels!D:D,0))&" - "&INDEX(Labels!G:G,MATCH(F54,Labels!D:D,0)),"Table "&INDEX(Labels!F:F,MATCH(F54,Labels!D:D,0))&" - "&INDEX(Labels!G:G,MATCH(F54,Labels!D:D,0)))),"[Not found: "&F54&"]") -> Table 57 - Confidence Intervals of relapse and earliest time to detect the relapse - stage 1 and stage 2 r-HAT participants in the ITT population
F55: sec4_wbc | G55: =IFERROR(HYPERLINK("#Labels!G"&MATCH(F55,Labels!D:D,0),IF(INDEX(Labels!H:H,MATCH(F55,Labels!D:D,0))="Yes","Figure "&INDEX(Labels!F:F,MATCH(F55,Labels!D:D,0))&" - "&INDEX(Labels!G:G,MATCH(F55,Labels!D:D,0)),"Table "&INDEX(Labels!F:F,MATCH(F55,Labels!D:D,0))&" - "&INDEX(Labels!G:G,MATCH(F55,Labels!D:D,0)))),"[Not found: "&F55&"]") -> Table 58 - Value of WBC in CSF at baseline and follow-up visits – ITT population | H55: =HYPERLINK("#'sec4_wbc'!A1","Open →") -> Open →
F56: sec5_ssrhat | G56: =IFERROR(HYPERLINK("#Labels!G"&MATCH(F56,Labels!D:D,0),IF(INDEX(Labels!H:H,MATCH(F56,Labels!D:D,0))="Yes","Figure "&INDEX(Labels!F:F,MATCH(F56,Labels!D:D,0))&" - "&INDEX(Labels!G:G,MATCH(F56,Labels!D:D,0)),"Table "&INDEX(Labels!F:F,MATCH(F56,Labels!D:D,0))&" - "&INDEX(Labels!G:G,MATCH(F56,Labels!D:D,0)))),"[Not found: "&F56&"]") -> Table 59 - Presence of signs and symptoms of HAT at screening, EoH and each FU visits– safety population | H56: =HYPERLINK("#'sec5_ssrhat'!A1","Open →") -> Open →
F57: sec5_otherssrhat | G57: =IFERROR(HYPERLINK("#Labels!G"&MATCH(F57,Labels!D:D,0),IF(INDEX(Labels!H:H,MATCH(F57,Labels!D:D,0))="Yes","Figure "&INDEX(Labels!F:F,MATCH(F57,Labels!D:D,0))&" - "&INDEX(Labels!G:G,MATCH(F57,Labels!D:D,0)),"Table "&INDEX(Labels!F:F,MATCH(F57,Labels!D:D,0))&" - "&INDEX(Labels!G:G,MATCH(F57,Labels!D:D,0)))),"[Not found: "&F57&"]") -> Table 60 - Presence of other signs and symptoms of HAT at screening, EoH and each FU visits– safety population
F58: sec5_ecg | G58: =IFERROR(HYPERLINK("#Labels!G"&MATCH(F58,Labels!D:D,0),IF(INDEX(Labels!H:H,MATCH(F58,Labels!D:D,0))="Yes","Figure "&INDEX(Labels!F:F,MATCH(F58,Labels!D:D,0))&" - "&INDEX(Labels!G:G,MATCH(F58,Labels!D:D,0)),"Table "&INDEX(Labels!F:F,MATCH(F58,Labels!D:D,0))&" - "&INDEX(Labels!G:G,MATCH(F58,Labels!D:D,0)))),"[Not found: "&F58&"]") -> Table 61 - ECG results at baseline and subsequent visits– safety population
F59: sec5_hemo_1 | G59: =IFERROR(HYPERLINK("#Labels!G"&MATCH(F59,Labels!D:D,0),IF(INDEX(Labels!H:H,MATCH(F59,Labels!D:D,0))="Yes","Figure "&INDEX(Labels!F:F,MATCH(F59,Labels!D:D,0))&" - "&INDEX(Labels!G:G,MATCH(F59,Labels!D:D,0)),"Table "&INDEX(Labels!F:F,MATCH(F59,Labels!D:D,0))&" - "&INDEX(Labels!G:G,MATCH(F59,Labels!D:D,0)))),"[Not found: "&F59&"]") -> Table 62 - Laboratory parameters: n (%) of participants with normal/abnormal results and descriptive statistics at baseline and subsequent visits for Hemoglobin – male in safety population (g/dL)
F60: hemoglobin_5_maled11 | G60: =IFERROR(HYPERLINK("#Labels!G"&MATCH(F60,Labels!D:D,0),IF(INDEX(Labels!H:H,MATCH(F60,Labels!D:D,0))="Yes","Figure "&INDEX(Labels!F:F,MATCH(F60,Labels!D:D,0))&" - "&INDEX(Labels!G:G,MATCH(F60,Labels!D:D,0)),"Table "&INDEX(Labels!F:F,MATCH(F60,Labels!D:D,0))&" - "&INDEX(Labels!G:G,MATCH(F60,Labels!D:D,0)))),"[Not found: "&F60&"]") -> Figure 63 - Shift plot comparing Hemoglobin baseline values with EOT values - male in safety population
F61: hemoglobin_7_malem3 | G61: =IFERROR(HYPERLINK("#Labels!G"&MATCH(F61,Labels!D:D,0),IF(INDEX(Labels!H:H,MATCH(F61,Labels!D:D,0))="Yes","Figure "&INDEX(Labels!F:F,MATCH(F61,Labels!D:D,0))&" - "&INDEX(Labels!G:G,MATCH(F61,Labels!D:D,0)),"Table "&INDEX(Labels!F:F,MATCH(F61,Labels!D:D,0))&" - "&INDEX(Labels!G:G,MATCH(F61,Labels!D:D,0)))),"[Not found: "&F61&"]") -> Figure 64 - Shift plot comparing Hemoglobin baseline values with M3 values - male in safety population
F62: sec5_hemo_2 | G62: =IFERROR(HYPERLINK("#Labels!G"&MATCH(F62,Labels!D:D,0),IF(INDEX(Labels!H:H,MATCH(F62,Labels!D:D,0))="Yes","Figure "&INDEX(Labels!F:F,MATCH(F62,Labels!D:D,0))&" - "&INDEX(Labels!G:G,MATCH(F62,Labels!D:D,0)),"Table "&INDEX(Labels!F:F,MATCH(F62,Labels!D:D,0))&" - "&INDEX(Labels!G:G,MATCH(F62,Labels!D:D,0)))),"[Not found: "&F62&"]") -> Table 67 - Laboratory parameters: n (%) of participants with normal/abnormal results and descriptive statistics at baseline and subsequent visits for Hemoglobin – female in safety population (g / dL)
F63: hemoglobin_5_femaled11 | G63: =IFERROR(HYPERLINK("#Labels!G"&MATCH(F63,Labels!D:D,0),IF(INDEX(Labels!H:H,MATCH(F63,Labels!D:D,0))="Yes","Figure "&INDEX(Labels!F:F,MATCH(F63,Labels!D:D,0))&" - "&INDEX(Labels!G:G,MATCH(F63,Labels!D:D,0)),"Table "&INDEX(Labels!F:F,MATCH(F63,Labels!D:D,0))&" - "&INDEX(Labels!G:G,MATCH(F63,Labels!D:D,0)))),"[Not found: "&F63&"]") -> Figure 68 - Shift plot comparing Hemoglobin baseline values with EOT values - female in safety population
F64: hemoglobin_7_femalem3 | G64: =IFERROR(HYPERLINK("#Labels!G"&MATCH(F64,Labels!D:D,0),IF(INDEX(Labels!H:H,MATCH(F64,Labels!D:D,0))="Yes","Figure "&INDEX(Labels!F:F,MATCH(F64,Labels!D:D,0))&" - "&INDEX(Labels!G:G,MATCH(F64,Labels!D:D,0)),"Table "&INDEX(Labels!F:F,MATCH(F64,Labels!D:D,0))&" - "&INDEX(Labels!G:G,MATCH(F64,Labels!D:D,0)))),"[Not found: "&F64&"]") -> Figure 69 - Shift plot comparing Hemoglobin baseline values with M3 values - female in safety population
F65: sec5_platelets | G65: =IFERROR(HYPERLINK("#Labels!G"&MATCH(F65,Labels!D:D,0),IF(INDEX(Labels!H:H,MATCH(F65,Labels!D:D,0))="Yes","Figure "&INDEX(Labels!F:F,MATCH(F65,Labels!D:D,0))&" - "&INDEX(Labels!G:G,MATCH(F65,Labels!D:D,0)),"Table "&INDEX(Labels!F:F,MATCH(F65,Labels!D:D,0))&" - "&INDEX(Labels!G:G,MATCH(F65,Labels!D:D,0)))),"[Not found: "&F65&"]") -> Table 72 - Laboratory parameters: n (%) of participants with normal/abnormal results and descriptive statistics at baseline and subsequent visits for Platelets – safety population
F66: platelets_5_d11 | G66: =IFERROR(HYPERLINK("#Labels!G"&MATCH(F66,Labels!D:D,0),IF(INDEX(Labels!H:H,MATCH(F66,Labels!D:D,0))="Yes","Figure "&INDEX(Labels!F:F,MATCH(F66,Labels!D:D,0))&" - "&INDEX(Labels!G:G,MATCH(F66,Labels!D:D,0)),"Table "&INDEX(Labels!F:F,MATCH(F66,Labels!D:D,0))&" - "&INDEX(Labels!G:G,MATCH(F66,Labels!D:D,0)))),"[Not found: "&F66&"]") -> Figure 73 - Shift plot comparing platelet baseline values with EOT values - safety population
F67: platelets_7_m3 | G67: =IFERROR(HYPERLINK("#Labels!G"&MATCH(F67,Labels!D:D,0),IF(INDEX(Labels!H:H,MATCH(F67,Labels!D:D,0))="Yes","Figure "&INDEX(Labels!F:F,MATCH(F67,Labels!D:D,0))&" - "&INDEX(Labels!G:G,MATCH(F67,Labels!D:D,0)),"Table "&INDEX(Labels!F:F,MATCH(F67,Labels!D:D,0))&" - "&INDEX(Labels!G:G,MATCH(F67,Labels!D:D,0)))),"[Not found: "&F67&"]") -> Figure 74 - Shift plot comparing platelet baseline values with M3 values - safety population
F68: sec5_leukocytes | G68: =IFERROR(HYPERLINK("#Labels!G"&MATCH(F68,Labels!D:D,0),IF(INDEX(Labels!H:H,MATCH(F68,Labels!D:D,0))="Yes","Figure "&INDEX(Labels!F:F,MATCH(F68,Labels!D:D,0))&" - "&INDEX(Labels!G:G,MATCH(F68,Labels!D:D,0)),"Table "&INDEX(Labels!F:F,MATCH(F68,Labels!D:D,0))&" - "&INDEX(Labels!G:G,MATCH(F68,Labels!D:D,0)))),"[Not found: "&F68&"]") -> Table 77 - Leukocytes (10^3/µl): n (%) of participants with normal/abnormal results and descriptive statistics at baseline and subsequent visits– safety population
... F121: sec5_sbp | G121: =IFERROR(HYPERLINK("#Labels!G"&MATCH(F121,Labels!D:D,0),IF(INDEX(Labels!H:H,MATCH(F121,Labels!D:D,0))="Yes","Figure "&INDEX(Labels!F:F,MATCH(F121,Labels!D:D,0))&" - "&INDEX(Labels!G:G,MATCH(F121,Labels!D:D,0)),"Table "&INDEX(Labels!F:F,MATCH(F121,Labels!D:D,0))&" - "&INDEX(Labels!G:G,MATCH(F121,Labels!D:D,0)))),"[Not found: "&F121&"]") -> Table 188 - Descriptive statistics of SBP from baseline during treatment period and FU visits – ITT population
F122: sec5_aenumb | G122: =IFERROR(HYPERLINK("#Labels!G"&MATCH(F122,Labels!D:D,0),IF(INDEX(Labels!H:H,MATCH(F122,Labels!D:D,0))="Yes","Figure "&INDEX(Labels!F:F,MATCH(F122,Labels!D:D,0))&" - "&INDEX(Labels!G:G,MATCH(F122,Labels!D:D,0)),"Table "&INDEX(Labels!F:F,MATCH(F122,Labels!D:D,0))&" - "&INDEX(Labels!G:G,MATCH(F122,Labels!D:D,0)))),"[Not found: "&F122&"]") -> Table 192 - Number of AEs, number and % of participants with at least one AE in each category -safety population | H122: =HYPERLINK("#'sec5_aenumb'!A1","Open →") -> Open →
F123: sec5_aescreening | G123: =IFERROR(HYPERLINK("#Labels!G"&MATCH(F123,Labels!D:D,0),IF(INDEX(Labels!H:H,MATCH(F123,Labels!D:D,0))="Yes","Figure "&INDEX(Labels!F:F,MATCH(F123,Labels!D:D,0))&" - "&INDEX(Labels!G:G,MATCH(F123,Labels!D:D,0)),"Table "&INDEX(Labels!F:F,MATCH(F123,Labels!D:D,0))&" - "&INDEX(Labels!G:G,MATCH(F123,Labels!D:D,0)))),"[Not found: "&F123&"]") -> Table 197 - Number of AEs, number and % of participants with at least one AE by SOC and PT during the screening period -safety population
F124: sec5_aehospit | G124: =IFERROR(HYPERLINK("#Labels!G"&MATCH(F124,Labels!D:D,0),IF(INDEX(Labels!H:H,MATCH(F124,Labels!D:D,0))="Yes","Figure "&INDEX(Labels!F:F,MATCH(F124,Labels!D:D,0))&" - "&INDEX(Labels!G:G,MATCH(F124,Labels!D:D,0)),"Table "&INDEX(Labels!F:F,MATCH(F124,Labels!D:D,0))&" - "&INDEX(Labels!G:G,MATCH(F124,Labels!D:D,0)))),"[Not found: "&F124&"]") -> Table 198 - Number of AEs, number and % of participants with at least one AE by SOC and PT during the hospitalization period -safety population
F125: sec5_aefup3mth | G125: =IFERROR(HYPERLINK("#Labels!G"&MATCH(F125,Labels!D:D,0),IF(INDEX(Labels!H:H,MATCH(F125,Labels!D:D,0))="Yes","Figure "&INDEX(Labels!F:F,MATCH(F125,Labels!D:D,0))&" - "&INDEX(Labels!G:G,MATCH(F125,Labels!D:D,0)),"Table "&INDEX(Labels!F:F,MATCH(F125,Labels!D:D,0))&" - "&INDEX(Labels!G:G,MATCH(F125,Labels!D:D,0)))),"[Not found: "&F125&"]") -> Table 199 - Number of AEs, number and % of participants with at least one AE by SOC and PT during the follow up period -safety population
F126: sec5_aefup6mth | G126: =IFERROR(HYPERLINK("#Labels!G"&MATCH(F126,Labels!D:D,0),IF(INDEX(Labels!H:H,MATCH(F126,Labels!D:D,0))="Yes","Figure "&INDEX(Labels!F:F,MATCH(F126,Labels!D:D,0))&" - "&INDEX(Labels!G:G,MATCH(F126,Labels!D:D,0)),"Table "&INDEX(Labels!F:F,MATCH(F126,Labels!D:D,0))&" - "&INDEX(Labels!G:G,MATCH(F126,Labels!D:D,0)))),"[Not found: "&F126&"]") -> Table 200 - Number of AEs, number and % of participants with at least one AE related to IP by SOC and PT during the hospitalization -safety population
F127: sec5_scaeserious | G127: =IFERROR(HYPERLINK("#Labels!G"&MATCH(F127,Labels!D:D,0),IF(INDEX(Labels!H:H,MATCH(F127,Labels!D:D,0))="Yes","Figure "&INDEX(Labels!F:F,MATCH(F127,Labels!D:D,0))&" - "&INDEX(Labels!G:G,MATCH(F127,Labels!D:D,0)),"Table "&INDEX(Labels!F:F,MATCH(F127,Labels!D:D,0))&" - "&INDEX(Labels!G:G,MATCH(F127,Labels!D:D,0)))),"[Not found: "&F127&"]") -> Table 201 - Number of SAEs, number and % of participants with at least one SAE -safety population

Sheet Labels
A1: Section | B1: Subsection | C1: DisplayMode | D1: InputID | E1: Include | F1: InputNumber | G1: Caption | H1: Figure | I1: FootNote | J1: Can You modify labels? | K1: Link
A2: Patient disposition | D2: sec1_scr_pat | F2: =ROW() - 1 -> 1 | G2: Screened participants | K2: =HYPERLINK("#'sec1_scr_pat'!A1","Open →") -> Open →
D3: sec1_inc_pat | F3: =ROW() - 1 -> 2 | G3: Participants disposition - included participants by study site | K3: =HYPERLINK("#'sec1_inc_pat'!A1","Open →") -> Open →
D4: sec1_inc_ITT_form | F4: =ROW() - 1 -> 3 | G4: Participants disposition - included participants by tablet form - ITT population | K4: =HYPERLINK("#'sec1_inc_ITT'!A1","Open →") -> Open →
D5: sec1_inc_ITT_stage | F5: =ROW() - 1 -> 4 | G5: Participants disposition - included participants by stage - ITT population | K5: =HYPERLINK("#'sec1_inc_ITT'!A1","Open →") -> Open →
D6: sec1_nb_vt | F6: =ROW() - 1 -> 5 | G6: Number of participants by type of visits performed - ITT population | K6: =HYPERLINK("#'sec1_nb_vt'!A1","Open →") -> Open →
A7: Baseline Characteristics | D7: sec2_bas_char_tot | F7: =ROW() - 1 -> 6 | G7: Preselection characteristics total - ITT population | K7: =HYPERLINK("#'sec2_bas_char_tot'!A1","Open →") -> Open →
D8: sec2_bas_char | F8: =ROW() - 1 -> 7 | G8: Preselection characteristics per weight band -ITT population | K8: =HYPERLINK("#'sec2_bas_char'!A1","Open →") -> Open →
B9: Palatability | D9: sec2_taste | F9: =ROW() - 1 -> 8 | G9: Treatment taste | K9: =HYPERLINK("#'sec2_taste'!A1","Open →") -> Open →
D10: sec2_swal | F10: =ROW() - 1 -> 9 | G10: Treatment swallowing
B11: Acceptability | D11: sec2_admin | F11: =ROW() - 1 -> 10 | G11: Treatment administration
D12: sec2_accept | F12: =ROW() - 1 -> 11 | G12: Treatment acceptance | K12: =HYPERLINK("#'sec2_accept'!A1","Open →") -> Open →
B13: Medical history | D13: sec2_mehs_soc | F13: =ROW() - 1 -> 12 | G13: Medical History by SOC/PT - ITT participants | H13: No | K13: =HYPERLINK("#'sec2_mehs_soc'!A1","Open →") -> Open →
B14: Laboratory diagnostic | D14: sec2_labdiag_tot | E14: No | F14: =ROW() - 1 -> 13 | G14: Laboratory diagnosis of Hat at preselection total - ITT population | K14: =HYPERLINK("#'sec2_labdiag'!A1","Open →") -> Open →
D15: sec2_labdiag | F15: =ROW() - 1 -> 14 | G15: Laboratory diagnosis of HAT at preselection per weight band - ITT population | K15: =HYPERLINK("#'sec2_labdiag'!A1","Open →") -> Open →
D16: sec2_res_mal_tot | E16: No | F16: =ROW() - 1 -> 15 | G16: Results of malaria test at preselection total - ITT population | K16: =HYPERLINK("#'sec2_res_mal'!A1","Open →") -> Open →
D17: sec2_res_mal | F17: =ROW() - 1 -> 16 | G17: Results of malaria test at preselection per weight band - ITT population | H17: No | K17: =HYPERLINK("#'sec2_res_mal'!A1","Open →") -> Open →
D18: sec2_vit_sg_tot | E18: No | F18: =ROW() - 1 -> 17 | G18: Vital signs at baseline total - ITT population | K18: =HYPERLINK("#'sec2_vit_sg'!A1","Open →") -> Open →
D19: sec2_vit_sg | F19: =ROW() - 1 -> 18 | G19: Vital signs at baseline per weight band - ITT population | K19: =HYPERLINK("#'sec2_vit_sg'!A1","Open →") -> Open →
D20: sec2_tsh_tot | E20: No | F20: =ROW() - 1 -> 19 | G20: Thyroid assessment at screening total - ITT population
D21: sec2_tsh | F21: =ROW() - 1 -> 20 | G21: Thyroid assesment at screening per weight band - ITT Population
B22: Signs and symptoms | D22: sec2_rhat_time | E22: No | F22: =ROW() - 1 -> 21 | G22: For each Signs and symptoms of HAT at baseline: Time from symptom n (%) | H22: No | I22: FS: First Symptoms, Sev. : Severity | K22: =HYPERLINK("#'sec2_rhat'!A1","Open →") -> Open →
D23: sec2_rhat_grade | E23: No | F23: =ROW() - 1 -> 22 | G23: For each Signs and symptoms of HAT at baseline: Continuous or interITTent and grade - ITT population n (%) | H23: No | I23: Tim. : Time from symptom | K23: =HYPERLINK("#'sec2_rhat'!A1","Open →") -> Open →
D24: sec2_otherss_first | E24: No | F24: =ROW() - 1 -> 23 | G24: For each Other Signs and symptoms of HAT at baseline: Time from symptom | I24: FS: First Symptoms, Sev. : Severity
D25: sec2_otherss_sev | E25: No | F25: =ROW() - 1 -> 24 | G25: For each Other Signs and symptoms of HAT at baseline: Continuous or interITTent and grade -ITT population n (%) | I25: Tim. : Time from symptom
B26: Physical and neurological assessment | D26: sec2_physex | F26: =ROW() - 1 -> 25 | G26: Physical examination at screening: n (%) of participants with normal / abnormal examination - ITT population | H26: No | K26: =HYPERLINK("#'sec2_physex'!A1","Open →") -> Open →
D27: sec2_neurex | F27: =ROW() - 1 -> 26 | G27: Neurological examinations at screening: n (%) of participants with anormal / abnormal examination - ITT population | H27: No | K27: =HYPERLINK("#'sec2_neurex'!A1","Open →") -> Open →
B28: Biochemistry | D28: sec2_platelets | F28: =ROW() - 1 -> 27 | G28: Platelets (10^3/µl): n (%) of participants with normal/abnormal results and descriptive statistics - ITT population
D29: sec2_leukocytes | F29: =ROW() - 1 -> 28 | G29: Leukocytes (10^3/µl): n (%) of participants with normal/abnormal results and descriptive statistics - ITT population
D30: sec2_neutrophils | F30: =ROW() - 1 -> 29 | G30: Neutrophils (%): n (%) of participants with normal/abnormal results and descriptive statistics - ITT population
D31: sec2_eosinophils | F31: =ROW() - 1 -> 30 | G31: Eosinophils (%): n (%) of participants with normal/abnormal results and descriptive statistics - ITT population
D32: sec2_basophils | F32: =ROW() - 1 -> 31 | G32: Basophils (%) : n (%) of participants with normal/abnormal results and descriptive statistics - ITT population
D33: sec2_lymphocytes | F33: =ROW() - 1 -> 32 | G33: Lymphocytes (%): n (%) of participants with normal/abnormal results and descriptive statistics - ITT population
D34: sec2_monocytes | F34: =ROW() - 1 -> 33 | G34: Monocytes (%): n (%) of participants with normal/abnormal results and descriptive statistics - ITT population
D35: sec2_hemo_1 | F35: =ROW() - 1 -> 34 | G35: n (%) of participants with normal/abnormal results and descriptive statistics for Hemoglobin– male (g/dL) in ITT population
D36: sec2_hemo_2 | F36: =ROW() - 1 -> 35 | G36: n (%) of participants with normal/abnormal results and descriptive statistics for Hemoglobin– female (g/dL) in ITT population
D37: sec2_sodium | F37: =ROW() - 1 -> 36 | G37: Sodium (mmol/L): n (%) of participants with normal/abnormal results and descriptive statistics - ITT population
D38: sec2_potassium | F38: =ROW() - 1 -> 37 | G38: Potassium (mmol/L): n (%) of participants with normal/abnormal results and descriptive statistics - ITT population
D39: sec2_bicarbonates | F39: =ROW() - 1 -> 38 | G39: Bicarbonates (mmol/L): n (%) of participants with normal/abnormal results and descriptive statistics - ITT population
D40: sec2_chloride | F40: =ROW() - 1 -> 39 | G40: Chloride (mmol/L): n (%) of participants with normal/abnormal results and descriptive statistics - ITT population
... D50: sec2_tprotein | F50: =ROW() - 1 -> 49 | G50: Total protein (g/dL) n (%) of participants with normal/abnormal results and descriptive statistics - ITT population
D51: sec2_ecg | E51: No | F51: =ROW() - 1 -> 50 | G51: ECG at baseline - ITT population | K51: =HYPERLINK("#'sec2_ecg'!A1","Open →") -> Open →
A52: Adherence | D52: sec3_patdev1 | E52: No | F52: =ROW() - 1 -> 51 | G52: Participants with a deviation during the treatment administration - ITT population | K52: =HYPERLINK("#'sec3_patdev1'!A1","Open →") -> Open →
D53: sec3_patdev2 | E53: No | F53: =ROW() - 1 -> 52 | G53: Participants with at least one re-administration of the treatment - ITT population | K53: =HYPERLINK("#'sec3_patdev2'!A1","Open →") -> Open →
A54: Efficacy results | B54: Primary endpoints | D54: sec4_deathstage2_ev | E54: No | F54: =ROW() - 1 -> 53 | G54: N (%) of death possibly related to r-HAT or to Fexinidazole up to the end of hospitalisation – stage 2 r-HAT participants in the evaluable population
D55: sec4_deathstage2_ITT | E55: No | F55: =ROW() - 1 -> 54 | G55: Sensitivity analysis: N (%) of death possibly related to r-HAT or to Fexinidazole up to the end of hospitalisation – stage 2 r-HAT participants in the ITT population
D56: sec4_deathstage2 | E56: No | F56: =ROW() - 1 -> 55 | G56: Sensitivity analysis: N (%) of death possibly related to r-HAT or to Fexinidazole up to the end of hospitalisation – stage 2 r-HAT participants in the completer population
B57: Secondary endpoints | D57: sec4_relapse_total | E57: No | F57: =ROW() - 1 -> 56 | G57: N (%) of relapse and earliest time to detect the relapse - stage 1 and stage 2 r-HAT participants in the ITT population
D58: sec4_relapse_total_ci | E58: No | F58: =ROW() - 1 -> 57 | G58: Confidence Intervals of relapse and earliest time to detect the relapse - stage 1 and stage 2 r-HAT participants in the ITT population
D59: sec4_wbc | E59: No | F59: =ROW() - 1 -> 58 | G59: Value of WBC in CSF at baseline and follow-up visits – ITT population | K59: =HYPERLINK("#'sec4_wbc'!A1","Open →") -> Open →
A60: Safety results | B60: Signs and symptoms | C60: Landscape | D60: sec5_ssrhat | F60: =ROW() - 1 -> 59 | G60: Presence of signs and symptoms of HAT at screening, EoH and each FU visits– safety population | K60: =HYPERLINK("#'sec5_ssrhat'!A1","Open →") -> Open →
B61: Signs and symptoms of rhat | D61: sec5_otherssrhat | E61: No | F61: =ROW() - 1 -> 60 | G61: Presence of other signs and symptoms of HAT at screening, EoH and each FU visits– safety population
B62: ECG | C62: Portrait | D62: sec5_ecg | E62: No | F62: =ROW() - 1 -> 61 | G62: ECG results at baseline and subsequent visits– safety population
B63: Laboratory parameters | D63: sec5_hemo_1 | F63: =ROW() - 1 -> 62 | G63: Laboratory parameters: n (%) of participants with normal/abnormal results and descriptive statistics at baseline and subsequent visits for Hemoglobin – male in safety population (g/dL)
D64: hemoglobin_5_maled11 | F64: =ROW() - 1 -> 63 | G64: Shift plot comparing Hemoglobin baseline values with EOT values - male in safety population | H64: Yes
D65: hemoglobin_7_malem3 | F65: =ROW() - 1 -> 64 | G65: Shift plot comparing Hemoglobin baseline values with M3 values - male in safety population | H65: Yes
D66: hemoglobin_8_malem6 | F66: =ROW() - 1 -> 65 | G66: Shift plot comparing Hemoglobin baseline values with M6 values - male in safety population | H66: Yes
D67: hemoglobin_9_malem12 | F67: =ROW() - 1 -> 66 | G67: Shift plot comparing Hemoglobin baseline values with M12 values - male in safety population | H67: Yes
D68: sec5_hemo_2 | F68: =ROW() - 1 -> 67 | G68: Laboratory parameters: n (%) of participants with normal/abnormal results and descriptive statistics at baseline and subsequent visits for Hemoglobin – female in safety population (g / dL)
D69: hemoglobin_5_femaled11 | F69: =ROW() - 1 -> 68 | G69: Shift plot comparing Hemoglobin baseline values with EOT values - female in safety population | H69: Yes
D70: hemoglobin_7_femalem3 | F70: =ROW() - 1 -> 69 | G70: Shift plot comparing Hemoglobin baseline values with M3 values - female in safety population | H70: Yes
D71: hemoglobin_8_femalem6 | F71: =ROW() - 1 -> 70 | G71: Shift plot comparing Hemoglobin baseline values with M6 values - female in safety population | H71: Yes
D72: hemoglobin_9_femalem12 | F72: =ROW() - 1 -> 71 | G72: Shift plot comparing Hemoglobin baseline values with M12 values - female in safety population | H72: Yes
D73: sec5_platelets | F73: =ROW() - 1 -> 72 | G73: Laboratory parameters: n (%) of participants with normal/abnormal results and descriptive statistics at baseline and subsequent visits for Platelets – safety population
D74: platelets_5_d11 | F74: =ROW() - 1 -> 73 | G74: Shift plot comparing platelet baseline values with EOT values - safety population | H74: Yes
D75: platelets_7_m3 | F75: =ROW() - 1 -> 74 | G75: Shift plot comparing platelet baseline values with M3 values - safety population | H75: Yes
D76: platelets_8_m6 | F76: =ROW() - 1 -> 75 | G76: Shift plot comparing platelet baseline values with M6 values - safety population | H76: Yes
D77: platelets_9_m12 | F77: =ROW() - 1 -> 76 | G77: Shift plot comparing platelet baseline values with M12 values - safety population | H77: Yes
D78: sec5_leukocytes | F78: =ROW() - 1 -> 77 | G78: Leukocytes (10^3/µl): n (%) of participants with normal/abnormal results and descriptive statistics at baseline and subsequent visits– safety population
D79: leukocytes_5_d11 | F79: =ROW() - 1 -> 78 | G79: Shift plot comparing leukocyte baseline values with EOT values - safety population | H79: Yes
D80: leukocytes_7_m3 | F80: =ROW() - 1 -> 79 | G80: Shift plot comparing leukocyte baseline values with M3 values - safety population | H80: Yes
D81: leukocytes_8_m6 | F81: =ROW() - 1 -> 80 | G81: Shift plot comparing leukocyte baseline values with M6 values - safety population | H81: Yes
D82: leukocytes_9_m12 | F82: =ROW() - 1 -> 81 | G82: Shift plot comparing leukocyte baseline values with M12 values - safety population | H82: Yes
D83: sec5_neutrophils | F83: =ROW() - 1 -> 82 | G83: Neutrophils : n (%) of participants with normal/abnormal results and descriptive statistics at baseline and subsequent visits– safety population
D84: neutrophils_5_d11 | F84: =ROW() - 1 -> 83 | G84: Shift plot comparing neutrophils baseline values with EOT values - safety population | H84: Yes
D85: neutrophils_7_m3 | F85: =ROW() - 1 -> 84 | G85: Shift plot comparing neutrophils baseline values with M3 values - safety population | H85: Yes
D86: neutrophils_8_m6 | F86: =ROW() - 1 -> 85 | G86: Shift plot comparing neutrophils baseline values with M6 values - safety population | H86: Yes
D87: neutrophils_9_m12 | F87: =ROW() - 1 -> 86 | G87: Shift plot comparing neutrophils baseline values with M12 values - safety population | H87: Yes
D88: sec5_eosinophils | F88: =ROW() - 1 -> 87 | G88: Eosinophils: n (%) of participants with normal/abnormal results and descriptive statistics at baseline and subsequent visits– safety population
D89: eosinophils_5_d11 | F89: =ROW() - 1 -> 88 | G89: Shift plot comparing eosinophils baseline values with EOT values - safety population | H89: Yes
D90: eosinophils_7_m3 | F90: =ROW() - 1 -> 89 | G90: Shift plot comparing eosinophils baseline values with M3 values - safety population | H90: Yes
D91: eosinophils_8_m6 | F91: =ROW() - 1 -> 90 | G91: Shift plot comparing eosinophils baseline values with M6 values - safety population | H91: Yes
D92: eosinophils_9_m12 | F92: =ROW() - 1 -> 91 | G92: Shift plot comparing eosinophils baseline values with M12 values - safety population | H92: Yes
D93: sec5_basophils | F93: =ROW() - 1 -> 92 | G93: Basophilss: n (%) of participants with normal/abnormal results and descriptive statistics at baseline and subsequent visits– safety population
D94: basophils_5_d11 | F94: =ROW() - 1 -> 93 | G94: Shift plot comparing basophils baseline values with EOT values - safety population | H94: Yes
D95: basophils_7_m3 | F95: =ROW() - 1 -> 94 | G95: Shift plot comparing basophils baseline values with M3 values - safety population | H95: Yes
D96: basophils_8_m6 | F96: =ROW() - 1 -> 95 | G96: Shift plot comparing basophils baseline values with M6 values - safety population | H96: Yes
D97: basophils_9_m12 | F97: =ROW() - 1 -> 96 | G97: Shift plot comparing basophils baseline values with M12 values - safety population | H97: Yes
D98: sec5_lymphocytes | F98: =ROW() - 1 -> 97 | G98: Lymphocytes (10^3/µl): n (%) of participants with normal/abnormal results and descriptive statistics at baseline and subsequent visits– safety population
D99: lymphocytes_5_d11 | F99: =ROW() - 1 -> 98 | G99: Shift plot comparing lymphocytes baseline values with EOT values - safety population | H99: Yes
D100: lymphocytes_7_m3 | F100: =ROW() - 1 -> 99 | G100: Shift plot comparing lymphocytes baseline values with M3 values - safety population | H100: Yes
D101: lymphocytes_8_m6 | F101: =ROW() - 1 -> 100 | G101: Shift plot comparing lymphocytes baseline values with M6 values - safety population | H101: Yes
D102: lymphocytes_9_m12 | F102: =ROW() - 1 -> 101 | G102: Shift plot comparing lymphocytes baseline values with M12 values - safety population | H102: Yes
D103: sec5_monocytes | F103: =ROW() - 1 -> 102 | G103: Monocytes: n (%) of participants with normal/abnormal results and descriptive statistics at baseline and subsequent visits– safety population
D104: monocytes_5_d11 | F104: =ROW() - 1 -> 103 | G104: Shift plot comparing monocytes baseline values with EOT values - safety population | H104: Yes
D105: monocytes_7_m3 | F105: =ROW() - 1 -> 104 | G105: Shift plot comparing monocytes baseline values with M3 values - safety population | H105: Yes
D106: monocytes_8_m6 | F106: =ROW() - 1 -> 105 | G106: Shift plot comparing monocytes baseline values with M6 values - safety population | H106: Yes
D107: monocytes_9_m12 | F107: =ROW() - 1 -> 106 | G107: Shift plot comparing monocytes baseline values with M12 values - safety population | H107: Yes
D108: sec5_sodium | F108: =ROW() - 1 -> 107 | G108: Sodium (mmol/L): n (%) of participants with normal/abnormal results and descriptive statistics at baseline and subsequent visits – safety population
D109: sodium_5_d11 | F109: =ROW() - 1 -> 108 | G109: Shift plot comparing sodium baseline values with EOT values - safety population | H109: Yes
...

Sheet sec1_deviation
A1: label | B1: order | C1: id
A2: deviation 1 | B2: 1 | C2: 1
A3: **En tete 1** | B3: 2 | C3: 4
A4: deviation 2 | B4: 4 | C4: 2
A5: deviation 3 | B5: 3 | C5: 3

Sheet sec1_scr_pat
A1: label | B1: order | C1: id
A2: Screened | B2: 1 | C2: 1
A3: - Non Eligible | B3: 2 | C3: 2
A4: Reason | B4: 3 | C4: 3
A5: - Did not Sign the Informed Consent | B5: 4 | C5: 4
A6: - Did not sign assent | B6: 5 | C6: 5
A7: - <6 years old | B7: 6 | C7: 6
A8: - Not parasitologically confirmed T.b. rhodesiense infection | B8: 7 | C8: 7
A9: - No permanent address or not traceable | B9: 8 | C9: 8
A10: - Active clinically relevant medical conditions other than HAT | B10: 9 | C10: 9
A11: - Compromised general health | B11: 10 | C11: 10
A12: - First trimester of pregnancy | B12: 11 | C12: 11
A13: - Previously enrolled or previous treatment of acoziborole | B13: 12 | C13: 12
A14: - Included | B14: 13 | C14: 13

Sheet sec1_inc_pat
A1: label | B1: order | C1: id
A2: Included (ITT population) | B2: 1 | C2: 1
A3: Exposed (received at least one dose of Acoziborole) (ITT/safety population) | B3: 2 | C3: 2
A4: Evaluable population | B4: 3 | C4: 3

Sheet sec1_nb_vt
A1: label | B1: order | C1: id
A2: Screening | B2: 1 | C2: 2
A3: D1 | B3: 2 | C3: 3
A4: D5 | B4: 3 | C4: 4
A5: D11 | B5: 4 | C5: 5
A6: EOH | B6: 5 | C6: 6
A7: M3 | B7: 6 | C7: 7
A8: M6 | B8: 7 | C8: 8
A9: 1 unscheduled visit | B9: 8 | C9: 9
A10: 2 unscheduled visits | B10: 9 | C10: 10
A11: 3 or more unscheduled visits | B11: 10 | C11: 11

Sheet sec1_inc_mitt
A1: label | B1: order | C1: id
A2: Bandundu | B2: 1 | C2: 1
A3: Masi-Manimba | B3: 2 | C3: 2
A4: Dipumba | B4: 3 | C4: 3
A5: Katanda | B5: 4 | C5: 4
A6: Bagata | B6: 5 | C6: 5
A7: Dubreka | B7: 6 | C7: 6

Sheet sec2_bas_char_tot
A1: label | B1: order | C1: id
A2: Age in years \n median [Q1 ; Q3] (min/max) | B2: 2 | C2: 1
A3: Age in years \n N, mean (sd) | B3: 1 | C3: 2
A4: **Age Groups (in years)** | B4: 3 | C4: 3
A5: - [0 - 5) | B5: 4 | C5: 4
A6: - [5 - 10) | B6: 5 | C6: 5
A7: - >=10 | B7: 6 | C7: 6
A8: **Weight Bands (in Kg)** | B8: 7 | C8: 7
A9: - [10 - 20) | B9: 8 | C9: 8
A10: - [20 - 30) | B10: 9 | C10: 9
A11: - [30 - 40) | B11: 10 | C11: 10
A12: Male - n (%) | B12: 11 | C12: 11
A13: - Male > 2 years | B13: 12 | C13: 12
... A17: - Female <= 2 years | B17: 16 | C17: 16

Sheet sec2_bas_char
A1: label | B1: order | C1: id
A2: Age in years \n N, median [Q1 ; Q3] (min/max) | B2: 2 | C2: 1
A3: Age in years \n N, mean (sd) | B3: 1 | C3: 2
A4: **Age Groups (in years)** | B4: 3 | C4: 3
A5: - (0 - 5] | B5: 4 | C5: 4
A6: - (5-10] | B6: 5 | C6: 5
A7: - > 10 | B7: 6 | C7: 6
A8: Male - n (%) | B8: 7 | C8: 7
A9: Female - n (%) | B9: 10 | C9: 10

Sheet sec2_labdiag
A1: label | B1: order | C1: id
A2: **Blood and lymph node aspirate tests** | B2: 1 | C2: 1
A3: mAECT -n (%) | B3: 2 | C3: 2
A4: - Positive | B4: 3 | C4: 3
A5: - Negative | B5: 4 | C5: 4
A6: - Not done | B6: 5 | C6: 5
A7: - Missing | B7: 6 | C7: 6
A8: mAECT-BC - n (%) | B8: 7 | C8: 7
A9: - Positive | B9: 8 | C9: 8
A10: - Negative | B10: 9 | C10: 9
A11: - Not done | B11: 10 | C11: 10
A12: - Missing | B12: 11 | C12: 11
A13: Lymph node aspirate - n (%) | B13: 12 | C13: 12
... A44: - Missing | B44: 43 | C44: 43

Sheet sec2_res_mal
A1: label | B1: order | C1: id
A2: RDT for Malaria - n (%) | B2: 1 | C2: 1
A3: - Positive | B3: 2 | C3: 2
A4: - Negative | B4: 3 | C4: 3
A5: - Not done | B5: 4 | C5: 4
A6: - Missing | B6: 5 | C6: 5
A7: Thick smear test - n (%) | B7: 6 | C7: 6
A8: - Positive | B8: 7 | C8: 7
A9: - Negative | B9: 8 | C9: 8
A10: - Not done | B10: 9 | C10: 9
A11: - Missing | B11: 10 | C11: 10

Sheet sec2_taste
A1: label | B1: order | C1: id
A2: Very unpleasant taste | B2: 1 | C2: 1
A3: Unpleasant taste | B3: 2 | C3: 2
A4: Neutral taste | B4: 3 | C4: 3
A5: Pleasant taste | B5: 4 | C5: 4
A6: Very pleasant taste | B6: 5 | C6: 5
A7: Missing | B7: 6 | C7: 6

Sheet sec2_accept
A1: label | B1: order | C1: id
A2: Rejected | B2: 1 | C2: 1
A3: With difficulty | B3: 2 | C3: 2
A4: Acceptable | B4: 3 | C4: 3
A5: Good | B5: 4 | C5: 4
A6: Very good | B6: 5 | C6: 5
A7: Missing | B7: 6 | C7: 6

Sheet sec2_acc
A1: label | B1: order | C1: id
A2: Very difficult | B2: 1 | C2: 1
A3: Difficult | B3: 2 | C3: 2
A4: Neutral | B4: 3 | C4: 3
A5: Easy | B5: 4 | C5: 4
A6: Very easy | B6: 5 | C6: 5
A7: Missing | B7: 6 | C7: 6

Sheet sec2_vit_sg
A1: label | B1: order | C1: id
A2: **Temperature ( C )** | B2: 1 | C2: 1
A3: - N, mean (sd) | B3: 2 | C3: 2
A4: - median [Q1; Q3] \n (min/max) | B4: 3 | C4: 3
A5: **Heart Rate** | B5: 4 | C5: 4
A6: - N, mean (sd) | B6: 5 | C6: 5
A7: - median [Q1; Q3] \n (min/max) | B7: 6 | C7: 6
A8: **Respiratory rate** | B8: 7 | C8: 7
A9: - N, mean (sd) | B9: 8 | C9: 8
A10: - median [Q1; Q3] \n (min/max) | B10: 9 | C10: 9
A11: **SBP** | B11: 10 | C11: 10
A12: - N, mean (sd) | B12: 11 | C12: 11
A13: - median [Q1; Q3] \n (min/max) | B13: 12 | C13: 12
... A34: Missing | B34: 33 | C34: 33

Sheet sec2_rhat
A1: label | B1: id | C1: order
A2: Total | B2: 1 | C2: 0
A3: Headaches | B3: 2 | C3: 1
A4: Drowsiness | B4: 3 | C4: 2
A5: Asthenia | B5: 4 | C5: 3
A6: Impotence | B6: 5 | C6: 4
A7: Amenorrhea | B7: 6 | C7: 5
A8: Convulsion | B8: 7 | C8: 6
A9: Fever | B9: 8 | C9: 7
A10: Insomnia | B10: 9 | C10: 8
A11: Behavioural disorders | B11: 10 | C11: 9
A12: Language disorders | B12: 11 | C12: 10
A13: Pruritus | B13: 12 | C13: 11
... A19: Slimming/weight loss | B19: 18 | C19: 17

Sheet sec2_mehs_soc
A1: label | B1: order | C1: id
A2: SOC1 | B2: 1 | C2: 1
A3: PT | B3: 2 | C3: 2
A4: PT | B4: 3 | C4: 3
A5: SOC2… | B5: 4 | C5: 4

Sheet sec2_physex
A1: label | B1: order | C1: id
A2: **Patients all normal** | B2: 1 | C2: 1
A3: **Patients with at least one abnormal** | B3: 2 | C3: 2
A4: **Patients with at least one missing** | B4: 3 | C4: 3
A5: **Patients with 5 or more abnormalities** | B5: 4 | C5: 4
A6: **Head and neck** | B6: 5 | C6: 5
A7: Eyeball - n (%) | B7: 6 | C7: 6
A8: - Normal | B8: 7 | C8: 7
A9: - Enophthalmos | B9: 8 | C9: 8
A10: - Exophthalmos | B10: 9 | C10: 9
A11: - Other | B11: 10 | C11: 10
A12: - Missing | B12: 11 | C12: 11
A13: Tunica conjunctiva palpebrarum - n (%) | B13: 12 | C13: 12
... A85: - Missing | B85: 84 | C85: 84

Sheet sec2_neurex
A1: label | B1: order | C1: id
A2: **Patients all normal** | B2: 1 | C2: 1
A3: **Patients with at least one abnormal** | B3: 2 | C3: 2
A4: **Patients with at least one missing** | B4: 3 | C4: 3
A5: **Patients with 5 or more abnormalities** | B5: 4 | C5: 4
A6: **Patients with specific conditions** | B6: 5 | C6: 5
A7: **Psychiatric observation** | B7: 6 | C7: 6
A8: Verbal flux - n (%) | B8: 7 | C8: 7
A9: - Normal | B9: 8 | C9: 8
A10: - Reduced | B10: 9 | C10: 9
A11: - Excessive | B11: 10 | C11: 10
A12: - NA | B12: 11 | C12: 11
A13: - Missing | B13: 12 | C13: 12
... A162: **Other neurological abnormalities** | B162: 161 | C162: 161

Sheet sec2_hema
A1: label | B1: order | C1: id
A2: N, mean (sd) | B2: 1 | C2: 1
A3: Median [Q1 ; Q3] \n (min/max) | B3: 2 | C3: 2
A4: Normal - n (%) | B4: 3 | C4: 3
A5: Abnormal - n (%) | B5: 4 | C5: 4
A6: - Abnormal not CS | B6: 5 | C6: 5
A7: - Abnormal CS | B7: 6 | C7: 6
A8: Missing - n (%) | B8: 7 | C8: 7

Sheet sec2_hemagluc
A1: label | B1: order | C1: id
A2: N, mean (sd) | B2: 1 | C2: 1
A3: median [Q1 ; Q3] \n (min/max) | B3: 2 | C3: 2
A4: Normal - n (%) | B4: 3 | C4: 3
A5: Abnormal - n (%) | B5: 4 | C5: 4
A6: - Abnormal not CS (fasting conditions) | B6: 5 | C6: 5
A7: - Abnormal not CS (not on fasting conditions) | B7: 6 | C7: 6
A8: - Abnormal CS (fasting conditions) | B8: 7 | C8: 7
A9: - Abnormal CS (not on fasting conditions) | B9: 8 | C9: 8
A10: Missing - n (%) | B10: 9 | C10: 9

Sheet sec2_ecg
A1: label | B1: order | C1: id
A2: Normal | B2: 1 | C2: 1
A3: Abnormal | B3: 2 | C3: 2
A4: - Abnormal not CS | B4: 3 | C4: 3
A5: - Abnormal CS | B5: 4 | C5: 4
A6: Missing | B6: 5 | C6: 5

Sheet sec2_hs_rhat
A1: label | B1: order | C1: id
A2: History of HAT - n (%) | B2: 1 | C2: 1
A3: Stage 1 - n (%) | B3: 2 | C3: 2
A4: Stage 2 - n (%) | B4: 3 | C4: 3
A5: **Treatment received** | B5: 4 | C5: 4

Sheet sec3_patdev1
A1: label | B1: id | C1: order
A2: Patients who did not complete the full course of treatment | B2: 1 | C2: 1
A3: Patients not fully compliant | B3: 2 | C3: 2
A4: Patients who did not take at least one treatment during a meal | B4: 3 | C4: 3

Sheet sec3_patdev2
A1: label | B1: id | C1: order
A2: Patients who had at least one re-administration due to vomiting | B2: 4 | C2: 4
A3: Patients who had at least one re-administration due to other reason | B3: 5 | C3: 5
A4: Number of re-administration(s) by patient - median [Q1 ; Q3] (min/max) | B4: 6 | C4: 6

Sheet sec4_wbc
A1: label | B1: id | C1: order
A2: - WBC / mm3 CSF N, median (IQR) (min/max) | B2: 1 | C2: 1

Sheet sec5_ssrhat
A1: label | B1: id | C1: order
A2: Headaches | B2: 1 | C2: 1
A3: Drowsiness | B3: 2 | C3: 2
A4: Asthenia | B4: 3 | C4: 3
A5: Convulsion | B5: 4 | C5: 4
A6: Fever | B6: 5 | C6: 5
A7: Insomnia | B7: 6 | C7: 6
A8: Behavioural disorders | B8: 7 | C8: 7
A9: Language disorders | B9: 8 | C9: 8
A10: Pruritus | B10: 9 | C10: 9
A11: Tremor | B11: 10 | C11: 10
A12: Gait disorders | B12: 11 | C12: 11
A13: Anorexia | B13: 12 | C13: 12
... A17: Total | B17: 16 | C17: 16

Sheet sec5_vitsigns
A1: label | B1: id | C1: order
A2: - N, Mean (SD) | B2: 1 | C2: 1
A3: - Median [Q1 ; Q3] (min/max) | B3: 2 | C3: 2
A4: Change from baseline | B4: 3 | C4: 3
A5: - N, Mean (SD) | B5: 4 | C5: 4
A6: - Median [Q1 ; Q3] (min/max) | B6: 5 | C6: 5

Sheet sec5_genstatus
A1: label | B1: id | C1: order
A2: Good | B2: 1 | C2: 2
A3: Altered | B3: 2 | C3: 3
A4: Bad | B4: 3 | C4: 4
A5: Missing | B5: 4 | C5: 5

Sheet sec5_aenumb
A1: label | B1: id | C1: order
A2: - During Screening | B2: 1 | C2: 1
A3: - During hospitalization | B3: 2 | C3: 2
A4: - AE related | B4: 3 | C4: 3
A5: - Serious AE | B5: 4 | C5: 4
A6: - Not related and not serious AE | B6: 5 | C6: 5
A7: - Mild or moderate AE | B7: 6 | C7: 6
A8: - Grade >= 3 | B8: 7 | C8: 7
A9: - At 3 Month follow up | B9: 8 | C9: 8
A10: - AE related | B10: 9 | C10: 9
A11: - Serious AE | B11: 10 | C11: 10
A12: - Not related and not serious AE | B12: 11 | C12: 11
A13: - Mild or moderate AE | B13: 12 | C13: 12
... A25: - Death not related to gambiense | B25: 24 | C25: 24

Sheet sec5_aetreat
A1: label | B1: id | C1: order
A2: - **All Adverse Events** | B2: 1 | C2: 1
A3: - AE Related | B3: 2 | C3: 2
A4: - SAE | B4: 3 | C4: 3
A5: - Not related and not serious AE | B5: 4 | C5: 4
A6: - Grade >= 3 | B6: 5 | C6: 5
A7: - Mild or moderate AE | B7: 6 | C7: 6
A8: - Adverse Event leading to death | B8: 7 | C8: 7
A9: - Death related to gambiense | B9: 8 | C9: 8
A10: - Death not related to gambiense | B10: 9 | C10: 9
